"mean_bill_length","mean_bill_depth","mean_flipper","mean_body_mass"
43.9219298245614,17.1511695906433,200.915204678363,4201.75438596491
